Attending District Institutional ID,District,Attending School Institutional ID,School
2063,Adel SD 21,498,Adel Elementary School
2113,Adrian SD 61,707,Adrian Elementary School
2113,Adrian SD 61,708,Adrian High School
1899,Alsea SD 7J,17,Alsea Charter School
2252,Amity SD 4J,1208,Amity Elementary School
2252,Amity SD 4J,1210,Amity High School
2252,Amity SD 4J,1209,Amity Middle School
2252,Amity SD 4J,4505,Eola Hills Charter School
2111,Annex SD 29,705,Annex Charter School
2111,Annex SD 29,2111,Annex SD 29
2005,Arlington SD 3,323,Arlington Community Charter School
2115,Arock SD 81,711,W W Jones Elementary School
2041,Ashland SD 5,381,Ashland High School
2041,Ashland SD 5,380,Ashland Middle School
2041,Ashland SD 5,2041,Ashland SD 5
2041,Ashland SD 5,375,Bellview Elementary School
2041,Ashland SD 5,377,Helman Elementary School
2041,Ashland SD 5,4476,John Muir Elementary School 
2041,Ashland SD 5,379,Walker Elementary School
2051,Ashwood SD 8,427,Ashwood Elementary School
1933,Astoria SD 1,143,Astor Elementary School
1933,Astoria SD 1,144,Astoria Middle School
1933,Astoria SD 1,1933,Astoria SD 1
1933,Astoria SD 1,146,Astoria Senior High School
1933,Astoria SD 1,147,Lewis & Clark Elementary School
2208,Athena-Weston SD 29RJ,1053,Athena Elementary School
2208,Athena-Weston SD 29RJ,1055,Weston Middle School
2208,Athena-Weston SD 29RJ,1056,Weston-McEwen High School
1894,Baker SD 5J,4759,Baker Early College
1894,Baker SD 5J,8,Baker High School
1894,Baker SD 5J,1,Baker Middle School
1894,Baker SD 5J,1894,Baker SD 5J
1894,Baker SD 5J,4728,Baker Web Academy
1894,Baker SD 5J,2,Brooklyn Primary School
1894,Baker SD 5J,3493,EAGLE CAP Innovative HS
1894,Baker SD 5J,4,Haines Elementary School
1894,Baker SD 5J,5,Keating Elementary School
1894,Baker SD 5J,7,South Baker Intermediate School
1969,Bandon SD 54,218,Bandon Senior High School
1969,Bandon SD 54,216,Harbor Lights Middle School
1969,Bandon SD 54,217,Ocean Crest Elementary School
2240,Banks SD 13,1120,Banks Elementary School
2240,Banks SD 13,1124,Banks High School
2240,Banks SD 13,1123,Banks Middle School
2240,Banks SD 13,2240,Banks SD 13
2243,Beaverton SD 48J,1186,Aloha High School
2243,Beaverton SD 48J,1153,Aloha-Huber Park School
2243,Beaverton SD 48J,4805,Arco Iris Spanish Immersion School
2243,Beaverton SD 48J,1304,Arts and Communication Magnet Academy
2243,Beaverton SD 48J,1154,Barnes Elementary School
2243,Beaverton SD 48J,1155,Beaver Acres Elementary School
2243,Beaverton SD 48J,1187,Beaverton High School
2243,Beaverton SD 48J,2243,Beaverton SD 48J
2243,Beaverton SD 48J,1156,Bethany Elementary School
2243,Beaverton SD 48J,4671,Bonny Slope Elementary School
2243,Beaverton SD 48J,1158,Cedar Mill Elementary School
2243,Beaverton SD 48J,1180,Cedar Park Middle School
2243,Beaverton SD 48J,1159,Chehalem Elementary School
2243,Beaverton SD 48J,1305,Community School
2243,Beaverton SD 48J,1319,Conestoga Middle School
2243,Beaverton SD 48J,1160,Cooper Mountain Elementary School
2243,Beaverton SD 48J,1162,Elmonica Elementary School
2243,Beaverton SD 48J,1161,Errol Hassell Elementary School
2243,Beaverton SD 48J,1370,Findley Elementary
2243,Beaverton SD 48J,1163,Fir Grove Elementary School
2243,Beaverton SD 48J,1181,Five Oaks Middle School
2243,Beaverton SD 48J,1157,Greenway Elementary School
2243,Beaverton SD 48J,1164,Hazeldale Elementary School
2243,Beaverton SD 48J,4638,Health & Science School
2243,Beaverton SD 48J,1184,Highland Park Middle School
2243,Beaverton SD 48J,1165,Hiteon Elementary School
2243,Beaverton SD 48J,4867,Hope Chinese Charter School
2243,Beaverton SD 48J,4474,International School of Beaverton
2243,Beaverton SD 48J,3437,Jacob Wismer Elementary School
2243,Beaverton SD 48J,1166,Kinnaman Elementary School
2243,Beaverton SD 48J,1168,McKay Elementary School
2243,Beaverton SD 48J,1169,McKinley Elementary School
2243,Beaverton SD 48J,1182,Meadow Park Middle School
2243,Beaverton SD 48J,1170,Montclair Elementary School
2243,Beaverton SD 48J,1183,Mountain View Middle School
2243,Beaverton SD 48J,5381,Mountainside High School
2243,Beaverton SD 48J,1303,Nancy Ryles Elementary School
2243,Beaverton SD 48J,1171,Oak Hills Elementary School
2243,Beaverton SD 48J,1172,Raleigh Hills Elementary School
2243,Beaverton SD 48J,1173,Raleigh Park Elementary School
2243,Beaverton SD 48J,1174,Ridgewood Elementary School
2243,Beaverton SD 48J,1175,Rock Creek Elementary School
2243,Beaverton SD 48J,5382,Sato Elementary School
2243,Beaverton SD 48J,2781,Scholls Heights Elementary School
2243,Beaverton SD 48J,1314,School of Science & Technology
2243,Beaverton SD 48J,1671,Serendipity
2243,Beaverton SD 48J,1270,Sexton Mountain Elementary School
2243,Beaverton SD 48J,2783,Southridge High School
2243,Beaverton SD 48J,4712,Springville K-8 School
2243,Beaverton SD 48J,2782,Stoller Middle School
2243,Beaverton SD 48J,1188,Sunset High School
2243,Beaverton SD 48J,1176,Terra Linda Elementary School
2243,Beaverton SD 48J,1177,Vose Elementary School
2243,Beaverton SD 48J,1178,West Tualatin View Elementary School
2243,Beaverton SD 48J,1320,Westview High School
2243,Beaverton SD 48J,1185,Whitford Middle School
2243,Beaverton SD 48J,1179,William Walker Elementary School
1976,Bend-LaPine Administrative SD 1,1324,Amity Creek Elementary School
1976,Bend-LaPine Administrative SD 1,241,Bear Creek Elementary School
1976,Bend-LaPine Administrative SD 1,2916,Bend COIC Dropout Re-engagement Program
1976,Bend-LaPine Administrative SD 1,5309,Bend International School
1976,Bend-LaPine Administrative SD 1,251,Bend Senior High School
1976,Bend-LaPine Administrative SD 1,1976,Bend-LaPine Administrative SD 1
1976,Bend-LaPine Administrative SD 1,250,Buckingham Elementary School
1976,Bend-LaPine Administrative SD 1,242,Cascade Middle School
1976,Bend-LaPine Administrative SD 1,5384,Desert Sky Montessori
1976,Bend-LaPine Administrative SD 1,1308,Elk Meadow Elementary School
1976,Bend-LaPine Administrative SD 1,4129,Ensworth Elementary School
1976,Bend-LaPine Administrative SD 1,1309,High Desert Middle School
1976,Bend-LaPine Administrative SD 1,3218,High Lakes Elementary School
1976,Bend-LaPine Administrative SD 1,3219,Highland School at Kenwood Elementary School
1976,Bend-LaPine Administrative SD 1,4290,J Bar J Learning Centers - Boys Ranch Campus
1976,Bend-LaPine Administrative SD 1,1448,J Bar J Learning Centers - Sisters Academy Campus
1976,Bend-LaPine Administrative SD 1,246,Juniper Elementary School
1976,Bend-LaPine Administrative SD 1,4262,La Pine COIC Dropout Re-engagement Program
1976,Bend-LaPine Administrative SD 1,245,LaPine Elementary School
1976,Bend-LaPine Administrative SD 1,1310,LaPine Middle School
1976,Bend-LaPine Administrative SD 1,253,LaPine Senior High School
1976,Bend-LaPine Administrative SD 1,1317,Lava Ridge Elementary School
1976,Bend-LaPine Administrative SD 1,1338,Marshall High School
1976,Bend-LaPine Administrative SD 1,252,Mountain View Senior High School
1976,Bend-LaPine Administrative SD 1,3662,Oregon Youth Challenge
1976,Bend-LaPine Administrative SD 1,5292,Pacific Crest Middle School
1976,Bend-LaPine Administrative SD 1,249,Pilot Butte Middle School
1976,Bend-LaPine Administrative SD 1,3947,Pine Ridge Elementary
1976,Bend-LaPine Administrative SD 1,4646,Ponderosa Elementary
1976,Bend-LaPine Administrative SD 1,247,R E Jewell Elementary School
1976,Bend-LaPine Administrative SD 1,5428,Realms High School
1976,Bend-LaPine Administrative SD 1,3448,Realms Middle School
1976,Bend-LaPine Administrative SD 1,4793,Rosland Elementary
1976,Bend-LaPine Administrative SD 1,5293,Silver Rail Elementary School
1976,Bend-LaPine Administrative SD 1,3217,Sky View Middle School
1976,Bend-LaPine Administrative SD 1,5429,Skyline High School
1976,Bend-LaPine Administrative SD 1,3216,Summit High School
1976,Bend-LaPine Administrative SD 1,1266,Three Rivers Elementary School
1976,Bend-LaPine Administrative SD 1,3221,Westside Village Magnet School at Kingston Elementary School
1976,Bend-LaPine Administrative SD 1,4680,William E Miller Elementary
2088,Bethel SD 52,2088,Bethel SD 52
2088,Bethel SD 52,4717,Bridgeway House
2088,Bethel SD 52,581,Cascade Middle School
2088,Bethel SD 52,582,Clear Lake Elementary School
2088,Bethel SD 52,583,Danebo Elementary School
2088,Bethel SD 52,584,Fairfield Elementary School
2088,Bethel SD 52,585,Irving Elementary School
2088,Bethel SD 52,1792,Jasper Mountain Center
2088,Bethel SD 52,3566,Kalapuya High School
2088,Bethel SD 52,3545,Looking Glass Center Point School
2088,Bethel SD 52,1532,Looking Glass Riverfront School & Career Center
2088,Bethel SD 52,586,Malabon Elementary School
2088,Bethel SD 52,2264,Meadow View School
2088,Bethel SD 52,3760,Pathways Girls Program
2088,Bethel SD 52,3567,Prairie Mountain School
2088,Bethel SD 52,1789,SAFE Center School
2088,Bethel SD 52,587,Shasta Middle School
2088,Bethel SD 52,1545,Wellsprings Friends School
2088,Bethel SD 52,588,Willamette High School
2095,Blachly SD 90,3401,Triangle Lake Charter School
2052,Black Butte SD 41,428,Black Butte Elementary School
1974,Brookings-Harbor SD 17C,235,Azalea Middle School
1974,Brookings-Harbor SD 17C,237,Brookings-Harbor High School
1974,Brookings-Harbor SD 17C,236,Kalmiopsis Elementary School
1896,Burnt River SD 30J,3347,Burnt River School
2046,Butte Falls SD 91,406,Butte Falls Charter School
1995,Camas Valley SD 21J,3400,Camas Valley School
1929,Canby SD 86,4434,Baker Prairie Middle School
1929,Canby SD 86,140,Canby High School
1929,Canby SD 86,1929,Canby SD 86
1929,Canby SD 86,92,Carus School
1929,Canby SD 86,1307,Cecile Trost Elementary School
1929,Canby SD 86,124,Howard Eccles Elementary School
1929,Canby SD 86,127,Ninety-One School
1929,Canby SD 86,4435,Philander Lee Elementary School
1929,Canby SD 86,122,William Knight Elementary School
2139,Cascade SD 5,719,Aumsville Elementary School
2139,Cascade SD 5,810,Cascade Junior High School
2139,Cascade SD 5,5380,Cascade Opportunity Center
2139,Cascade SD 5,811,Cascade Senior High School
2139,Cascade SD 5,806,Cloverdale Elementary School
2139,Cascade SD 5,790,Turner Elementary School
2185,Centennial SD 28J,3649,Butler Creek Elementary School
2185,Centennial SD 28J,967,Centennial High School
2185,Centennial SD 28J,960,Centennial Middle School
2185,Centennial SD 28J,1367,Centennial Park School
2185,Centennial SD 28J,2185,Centennial SD 28J
2185,Centennial SD 28J,959,Meadows Elementary
2185,Centennial SD 28J,962,Oliver Elementary School
2185,Centennial SD 28J,5268,Open School East
2185,Centennial SD 28J,963,Parklane Elementary School
2185,Centennial SD 28J,964,Patrick Lynch Elementary
2185,Centennial SD 28J,966,Pleasant Valley Elementary School
2185,Centennial SD 28J,1885,Portland Youth Builders
2185,Centennial SD 28J,965,Powell Butte Elementary School
2185,Centennial SD 28J,1671,Serendipity
1972,Central Curry SD 1,239,Gold Beach High School
1972,Central Curry SD 1,231,Riley Creek Elementary School
2105,Central Linn SD 552,1311,Central Linn Elementary School
2105,Central Linn SD 552,687,Central Linn High School
2042,Central Point SD 6,382,Central Point Elementary School
2042,Central Point SD 6,2042,Central Point SD 6
2042,Central Point SD 6,4557,Crater Academy of Health and Public Services
2042,Central Point SD 6,4561,Crater Renaissance Academy
2042,Central Point SD 6,4559,Crater School of Business Innovation and Science
2042,Central Point SD 6,387,Hanby Middle School
2042,Central Point SD 6,383,Jewett Elementary School
2042,Central Point SD 6,384,Patrick Elementary School
2042,Central Point SD 6,385,Richardson Elementary School
2042,Central Point SD 6,386,Sams Valley Elementary School
2042,Central Point SD 6,388,Scenic Middle School
2191,Central SD 13J,3464,Ash Creek Elementary School
2191,Central SD 13J,1002,Central High School
2191,Central SD 13J,998,Independence Elementary School
2191,Central SD 13J,999,Monmouth Elementary School
2191,Central SD 13J,1001,Talmadge Middle School
1902,Clackamas ESD,1902,Clackamas ESD
1945,Clatskanie SD 6J,163,Clatskanie Elementary School
1945,Clatskanie SD 6J,168,Clatskanie Middle/High School
1927,Colton SD 53,103,Colton Elementary School
1927,Colton SD 53,104,Colton High School
1927,Colton SD 53,1248,Colton Middle School
2006,Condon SD 25J,325,Condon Elementary School
2006,Condon SD 25J,326,Condon High School
1965,Coos Bay SD 9,192,Blossom Gulch Elementary School
1965,Coos Bay SD 9,1965,Coos Bay SD 9
1965,Coos Bay SD 9,3227,Destinations Academy
1965,Coos Bay SD 9,3615,Lighthouse Charter School
1965,Coos Bay SD 9,196,Madison Elementary School
1965,Coos Bay SD 9,201,Marshfield Senior High School
1965,Coos Bay SD 9,197,Millicoma School
1965,Coos Bay SD 9,4079,Resource Link Charter School
1965,Coos Bay SD 9,199,Sunset School
1964,Coquille SD 8,191,Coquille Junior Senior High
1964,Coquille SD 8,1964,Coquille SD 8
1964,Coquille SD 8,4025,Coquille Valley Elementary
1964,Coquille SD 8,189,Lincoln School of Early Learning
1964,Coquille SD 8,4857,Winter Lakes School
2186,Corbett SD 39,4592,Corbett School
2186,Corbett SD 39,2186,Corbett SD 39
1901,Corvallis SD 509J,27,Adams Elementary School
1901,Corvallis SD 509J,28,Cheldelin Middle School
1901,Corvallis SD 509J,40,Corvallis High School
1901,Corvallis SD 509J,1901,Corvallis SD 509J
1901,Corvallis SD 509J,41,Crescent Valley High School
1901,Corvallis SD 509J,1322,Franklin School
1901,Corvallis SD 509J,30,Garfield Elementary School
1901,Corvallis SD 509J,33,Hoover Elementary School
1901,Corvallis SD 509J,4637,Inavale Community Partners dba Muddy Creek Charter School 
1901,Corvallis SD 509J,35,Jefferson Elementary School
1901,Corvallis SD 509J,36,Lincoln Elementary School
1901,Corvallis SD 509J,38,Linus Pauling Middle School
1901,Corvallis SD 509J,37,Mt View Elementary School
1901,Corvallis SD 509J,39,Wilson Elementary School
1901,Corvallis SD 509J,1874,YES House Alternative School
2216,Cove SD 15,3434,Cove Charter School
2086,Creswell SD 40,570,Creslane Elementary School
2086,Creswell SD 40,572,Creswell High School
2086,Creswell SD 40,571,Creswell Middle School
2086,Creswell SD 40,2086,Creswell SD 40
1970,Crook County SD,5302,Barnes Butte Elementary
1970,Crook County SD,265,Brothers Elementary School
1970,Crook County SD,225,Crook County High School
1970,Crook County SD,224,Crook County Middle School
1970,Crook County SD,1970,Crook County SD
1970,Crook County SD,219,Crooked River Elementary School
1970,Crook County SD,222,Paulina School
1970,Crook County SD,4392,Pioneer Secondary Alternative High School
1970,Crook County SD,223,Powell Butte Community Charter School
1970,Crook County SD,2915,Prineville COIC Dropout Re-engagement Program
2089,Crow-Applegate-Lorane SD 66,589,Applegate Elementary School
2089,Crow-Applegate-Lorane SD 66,592,Crow Middle/High School
2050,Culver SD 4,425,Culver Elementary School
2050,Culver SD 4,426,Culver High School
2050,Culver SD 4,1295,Culver Middle School
2190,Dallas SD 2,5298,Dallas Community Charter
2190,Dallas SD 2,995,Dallas High School
2190,Dallas SD 2,2190,Dallas SD 2
2190,Dallas SD 2,994,LaCreole Middle School
2190,Dallas SD 2,3461,Luckiamute Valley Charter School
2190,Dallas SD 2,989,Lyle Elementary School
2190,Dallas SD 2,990,Oakdale Heights Elementary School
2190,Dallas SD 2,1260,Polk ADTC
2190,Dallas SD 2,993,Whitworth Elementary School
2187,David Douglas SD 40,980,Alice Ott Middle School
2187,David Douglas SD 40,3580,Arthur Academy
2187,David Douglas SD 40,972,Cherry Park Elementary School
2187,David Douglas SD 40,983,David Douglas High School
2187,David Douglas SD 40,2187,David Douglas SD 40
2187,David Douglas SD 40,3525,Earl Boyles Elementary
2187,David Douglas SD 40,981,Floyd Light Middle School
2187,David Douglas SD 40,973,Gilbert Heights Elementary School
2187,David Douglas SD 40,974,Gilbert Park Elementary School
2187,David Douglas SD 40,975,Lincoln Park Elementary School
2187,David Douglas SD 40,976,Menlo Park Elementary School
2187,David Douglas SD 40,977,Mill Park Elementary School
2187,David Douglas SD 40,1885,Portland Youth Builders
2187,David Douglas SD 40,4232,Ron Russell Middle School
2187,David Douglas SD 40,1671,Serendipity
2187,David Douglas SD 40,978,Ventura Park Elementary School
2187,David Douglas SD 40,979,West Powellhurst Elementary School
2253,Dayton SD 8,1211,Dayton Grade School
2253,Dayton SD 8,1212,Dayton High School
2253,Dayton SD 8,1291,Dayton Jr High School
2011,Dayville SD 16J,3353,Dayville School
2017,Diamond SD 7,348,Diamond Elementary School
2021,Double O SD 28,352,Double O Elementary School
1993,Douglas County SD 15,3348,Days Creek Charter School
1991,Douglas County SD 4,1991,Douglas County SD 4
1991,Douglas County SD 4,269,Eastwood Elementary School
1991,Douglas County SD 4,270,Fir Grove Elementary School
1991,Douglas County SD 4,271,Fullerton IV Elementary School
1991,Douglas County SD 4,272,Green Elementary School
1991,Douglas County SD 4,273,Hucrest Elementary School
1991,Douglas County SD 4,278,John C Fremont Middle School
1991,Douglas County SD 4,279,Joseph Lane Middle School
1991,Douglas County SD 4,274,Melrose Elementary School
1991,Douglas County SD 4,4391,Phoenix School
1991,Douglas County SD 4,4511,Phoenix School of Roseburg - Deer Creek
1991,Douglas County SD 4,5398,Rose School
1991,Douglas County SD 4,280,Roseburg High School
1991,Douglas County SD 4,276,Sunnyslope Elementary School
1991,Douglas County SD 4,277,Winchester Elementary
1980,Douglas ESD,1250,Therapeutic Learning Center
2019,Drewsey SD 13,350,Drewsey Elementary School
2229,Dufur SD 29,3402,Dufur School
2043,Eagle Point SD 9,5251,Crater Lake Charter Academy
2043,Eagle Point SD 9,397,Eagle Point High School
2043,Eagle Point SD 9,396,Eagle Point Middle School
2043,Eagle Point SD 9,2043,Eagle Point SD 9
2043,Eagle Point SD 9,4020,Eagle Rock Elementary School
2043,Eagle Point SD 9,390,Hillside Elementary
2043,Eagle Point SD 9,3147,Lake Creek Learning Center
2043,Eagle Point SD 9,393,Shady Cove School
2043,Eagle Point SD 9,394,Table Rock Elementary
2043,Eagle Point SD 9,4378,URCEO-Upper Rogue Center for Educational Opportunities
2043,Eagle Point SD 9,4021,White Mountain Middle School
2203,Echo SD 5,3433,Echo School
2217,Elgin SD 23,1083,Elgin High School
2217,Elgin SD 23,1082,Stella Mayfield Elementary School
1998,Elkton SD 34,302,Elkton Charter School
2221,Enterprise SD 21,1090,Enterprise Elementary School
2221,Enterprise SD 21,1091,Enterprise High School
1930,Estacada SD 108,131,Clackamas River Elementary School
1930,Estacada SD 108,135,Estacada High School
1930,Estacada SD 108,134,Estacada Middle School
1930,Estacada SD 108,1930,Estacada SD 108
1930,Estacada SD 108,132,River Mill Elementary School
1930,Estacada SD 108,4760,Summit Community College High School
1930,Estacada SD 108,4670,Summit Learning Charter
2082,Eugene SD 4J,503,Adams Elementary School
2082,Eugene SD 4J,4554,Arts and Technology Academy at Jefferson
2082,Eugene SD 4J,504,Awbrey Park Elementary School
2082,Eugene SD 4J,4717,Bridgeway House
2082,Eugene SD 4J,1241,Buena Vista Elementary School
2082,Eugene SD 4J,506,Cal Young Middle School
2082,Eugene SD 4J,4739,Camas Ridge Community Elementary 
2082,Eugene SD 4J,4146,Cesar Chavez Elementary School
2082,Eugene SD 4J,1240,Charlemagne French Immersion Elementary School
2082,Eugene SD 4J,5408,Chinese Language Immersion School
2082,Eugene SD 4J,540,Churchill High School
2082,Eugene SD 4J,507,Coburg Community Charter School
2082,Eugene SD 4J,1242,Corridor Elementary School
2082,Eugene SD 4J,1774,Edgewood Community Elementary School
2082,Eugene SD 4J,510,Edison Elementary School
2082,Eugene SD 4J,537,Eugene Education Options
2082,Eugene SD 4J,2082,Eugene SD 4J
2082,Eugene SD 4J,1339,Family School
2082,Eugene SD 4J,513,Gilham Elementary School
2082,Eugene SD 4J,4157,Holt Elementary School
2082,Eugene SD 4J,515,Howard Elementary School
2082,Eugene SD 4J,1792,Jasper Mountain Center
2082,Eugene SD 4J,518,Kelly Middle School
2082,Eugene SD 4J,519,Kennedy Middle School
2082,Eugene SD 4J,3545,Looking Glass Center Point School
2082,Eugene SD 4J,1532,Looking Glass Riverfront School & Career Center
2082,Eugene SD 4J,520,Madison Middle School
2082,Eugene SD 4J,522,McCornack Elementary School
2082,Eugene SD 4J,524,Monroe Middle School
2082,Eugene SD 4J,4041,Network Charter School
2082,Eugene SD 4J,1786,New Roads
2082,Eugene SD 4J,536,North Eugene High School
2082,Eugene SD 4J,3233,Ridgeline Montessori
2082,Eugene SD 4J,4811,River Road Campus
2082,Eugene SD 4J,525,River Road/El Camino del Rio Elementary School
2082,Eugene SD 4J,526,Roosevelt Middle School
2082,Eugene SD 4J,1789,SAFE Center School
2082,Eugene SD 4J,538,Sheldon High School
2082,Eugene SD 4J,539,South Eugene High School
2082,Eugene SD 4J,528,Spencer Butte Middle School
2082,Eugene SD 4J,529,Spring Creek Elementary School
2082,Eugene SD 4J,2316,Stepping Stone Lodge
2082,Eugene SD 4J,530,Twin Oaks Elementary School
2082,Eugene SD 4J,1861,Twin Rivers Charter School
2082,Eugene SD 4J,3229,Village School
2082,Eugene SD 4J,1545,Wellsprings Friends School
2082,Eugene SD 4J,534,Willagillespie Elementary School
2082,Eugene SD 4J,1259,Yujin Gakuen Elementary School
2193,Falls City SD 57,1005,Falls City Elementary School
2193,Falls City SD 57,1006,Falls City High School
2084,Fern Ridge SD 28J,4717,Bridgeway House
2084,Fern Ridge SD 28J,563,Elmira Elementary School
2084,Fern Ridge SD 28J,567,Elmira High School
2084,Fern Ridge SD 28J,564,Fern Ridge Middle School
2084,Fern Ridge SD 28J,1792,Jasper Mountain Center
2084,Fern Ridge SD 28J,3545,Looking Glass Center Point School
2084,Fern Ridge SD 28J,1532,Looking Glass Riverfront School & Career Center
2084,Fern Ridge SD 28J,566,Veneta Elementary School
2084,Fern Ridge SD 28J,1545,Wellsprings Friends School
2084,Fern Ridge SD 28J,4045,West Lane Technology Learning Center
2241,Forest Grove SD 15,1128,Cornelius Elementary School
2241,Forest Grove SD 15,1129,Dilley Elementary School
2241,Forest Grove SD 15,1130,Echo Shaw Elementary School
2241,Forest Grove SD 15,3986,Fern Hill Elementary School
2241,Forest Grove SD 15,4595,Forest Grove Community School
2241,Forest Grove SD 15,1134,Forest Grove High School
2241,Forest Grove SD 15,2241,Forest Grove SD 15
2241,Forest Grove SD 15,1132,Harvey Clarke Elementary School
2241,Forest Grove SD 15,1133,Joseph Gale Elementary School
2241,Forest Grove SD 15,1126,Neil Armstrong Middle School
2241,Forest Grove SD 15,2376,Oak Grove Academy
2241,Forest Grove SD 15,1127,Tom McCall Upper Elementary
2248,Fossil SD 21J,1205,Fossil Charter School
2020,Frenchglen SD 16,351,Frenchglen Elementary School
2020,Frenchglen SD 16,4702,Silvies River Charter School
2245,Gaston SD 511J,1194,Gaston Elementary School
2245,Gaston SD 511J,1195,Gaston Jr/Sr High School
2137,Gervais SD 1,5392,Frontier Charter Academy
2137,Gervais SD 1,776,Gervais Elementary School
2137,Gervais SD 1,808,Gervais High School
2137,Gervais SD 1,786,Gervais Middle School
2137,Gervais SD 1,4024,Samuel Brown Academy
1931,Gladstone SD 115,2407,Clackamas Community College
1931,Gladstone SD 115,4719,Gladstone Center for Children and Families
1931,Gladstone SD 115,138,Gladstone High School
1931,Gladstone SD 115,1931,Gladstone SD 115
1931,Gladstone SD 115,136,John Wetten Elementary School
1931,Gladstone SD 115,1671,Serendipity
1931,Gladstone SD 115,137,Walter L Kraxberger Middle School
2000,Glendale SD 77,307,Glendale Community Charter School
2000,Glendale SD 77,306,Glendale Elementary School
1992,Glide SD 12,282,Glide Elementary School
1992,Glide SD 12,285,Glide High School
1992,Glide SD 12,284,Glide Middle School
2054,Grants Pass SD 7,435,Allen Dale Elementary School
2054,Grants Pass SD 7,442,Grants Pass High School
2054,Grants Pass SD 7,2054,Grants Pass SD 7
2054,Grants Pass SD 7,436,Highland Elementary School
2054,Grants Pass SD 7,437,Lincoln Elementary School
2054,Grants Pass SD 7,438,North Middle School
2054,Grants Pass SD 7,1351,Parkside Elementary
2054,Grants Pass SD 7,439,Redwood Elementary School
2054,Grants Pass SD 7,440,Riverside Elementary School
2054,Grants Pass SD 7,441,South Middle School
2100,Greater Albany Public SD 8J,3950,Albany Options School
2100,Greater Albany Public SD 8J,632,Calapooia Middle School
2100,Greater Albany Public SD 8J,631,Central Elementary School
2100,Greater Albany Public SD 8J,633,Clover Ridge Elementary School
2100,Greater Albany Public SD 8J,635,Fir Grove Primary School
2100,Greater Albany Public SD 8J,2100,Greater Albany Public SD 8J
2100,Greater Albany Public SD 8J,640,Lafayette Elementary School
2100,Greater Albany Public SD 8J,641,Liberty Elementary School
2100,Greater Albany Public SD 8J,642,Memorial Middle School
2100,Greater Albany Public SD 8J,637,North Albany Elementary School
2100,Greater Albany Public SD 8J,638,North Albany Middle School
2100,Greater Albany Public SD 8J,643,Oak Elementary School
2100,Greater Albany Public SD 8J,639,Oak Grove Elementary School
2100,Greater Albany Public SD 8J,636,Periwinkle Elementary School
2100,Greater Albany Public SD 8J,650,South Albany High School
2100,Greater Albany Public SD 8J,645,South Shore Elementary School
2100,Greater Albany Public SD 8J,644,Sunrise Elementary School
2100,Greater Albany Public SD 8J,647,Takena Elementary School
2100,Greater Albany Public SD 8J,646,Tangent Elementary School
2100,Greater Albany Public SD 8J,4744,Timber Ridge School
2100,Greater Albany Public SD 8J,648,Waverly Elementary School
2100,Greater Albany Public SD 8J,649,West Albany High School
2183,Gresham-Barlow SD 10J,3553,Center for Advanced Learning
2183,Gresham-Barlow SD 10J,1312,Clear Creek Middle School
2183,Gresham-Barlow SD 10J,90,Deep Creek – Damascus K-8 School
2183,Gresham-Barlow SD 10J,932,Dexter McCarty Middle School
2183,Gresham-Barlow SD 10J,933,East Gresham Elementary School
2183,Gresham-Barlow SD 10J,941,East Orient Elementary School
2183,Gresham-Barlow SD 10J,934,Gordon Russell Middle School
2183,Gresham-Barlow SD 10J,4601,Gresham Arthur Academy
2183,Gresham-Barlow SD 10J,986,Gresham High School
2183,Gresham-Barlow SD 10J,2183,Gresham-Barlow SD 10J
2183,Gresham-Barlow SD 10J,936,Hall Elementary School
2183,Gresham-Barlow SD 10J,935,Highland Elementary School
2183,Gresham-Barlow SD 10J,3543,Hogan Cedars Elementary School
2183,Gresham-Barlow SD 10J,937,Hollydale Elementary School
2183,Gresham-Barlow SD 10J,1313,Kelly Creek Elementary School
2183,Gresham-Barlow SD 10J,4667,Lewis and Clark Montessori Charter School
2183,Gresham-Barlow SD 10J,4740,Metro East Web Academy
2183,Gresham-Barlow SD 10J,938,North Gresham Elementary School
2183,Gresham-Barlow SD 10J,939,Powell Valley Elementary School
2183,Gresham-Barlow SD 10J,5152,Rosemary Anderson High School - East (Gresham)  
2183,Gresham-Barlow SD 10J,987,Sam Barlow High School
2183,Gresham-Barlow SD 10J,3577,Springwater Trail High School
2183,Gresham-Barlow SD 10J,940,West Gresham Elementary School
2183,Gresham-Barlow SD 10J,942,West Orient Middle School
2014,Harney County SD 3,359,Burns High School
2014,Harney County SD 3,342,Henry L Slater Elementary School
2014,Harney County SD 3,355,Hines Middle School
2015,Harney County SD 4,346,Crane Elementary School
2015,Harney County SD 4,5446,Oregon Family School
2023,Harney County Union High SD 1J,358,Crane Union High School
2114,Harper SD 66,3362,Harper Charter School
2099,Harrisburg SD 7J,659,Harrisburg Elementary School
2099,Harrisburg SD 7J,689,Harrisburg High School
2099,Harrisburg SD 7J,2723,Harrisburg Middle School
2201,Helix SD 1,3364,Helix School
2206,Hermiston SD 8,1039,Armand Larive Middle School
2206,Hermiston SD 8,3426,Desert View Elementary School
2206,Hermiston SD 8,1040,Hermiston High School
2206,Hermiston SD 8,2206,Hermiston SD 8
2206,Hermiston SD 8,1034,Highland Hills Elementary School
2206,Hermiston SD 8,1036,Rocky Heights Elementary School
2206,Hermiston SD 8,1333,Sandstone Middle School
2206,Hermiston SD 8,1037,Sunset Elementary School
2206,Hermiston SD 8,1038,West Park Elementary School
1975,High Desert ESD,240,Hope Academy
2239,Hillsboro SD 1J,1112,Brookwood Elementary School
2239,Hillsboro SD 1J,1147,Butternut Creek Elementary School
2239,Hillsboro SD 1J,1368,Century High School
2239,Hillsboro SD 1J,4206,City View Charter School
2239,Hillsboro SD 1J,1115,Eastwood Elementary School
2239,Hillsboro SD 1J,1197,Evergreen Jr High School
2239,Hillsboro SD 1J,1189,Farmington View Elementary School
2239,Hillsboro SD 1J,4641,Free Orchards Elementary School
2239,Hillsboro SD 1J,1200,Glencoe High School
2239,Hillsboro SD 1J,1152,Groner K-8
2239,Hillsboro SD 1J,1201,Hillsboro High School
2239,Hillsboro SD 1J,4973,Hillsboro Online Academy
2239,Hillsboro SD 1J,2239,Hillsboro SD 1J
2239,Hillsboro SD 1J,3536,Imlay Elementary School
2239,Hillsboro SD 1J,1148,Indian Hills Elementary School
2239,Hillsboro SD 1J,1199,J W Poynter Middle School
2239,Hillsboro SD 1J,1285,Jackson Elementary School
2239,Hillsboro SD 1J,1150,Ladd Acres Elementary School
2239,Hillsboro SD 1J,1110,Lenox Elementary School
2239,Hillsboro SD 1J,4018,Liberty High School
2239,Hillsboro SD 1J,4642,Lincoln Street Elementary School
2239,Hillsboro SD 1J,1116,Minter Bridge Elementary School
2239,Hillsboro SD 1J,1117,Mooberry Elementary School
2239,Hillsboro SD 1J,1190,North Plains Elementary School
2239,Hillsboro SD 1J,3160,Orenco Elementary School
2239,Hillsboro SD 1J,3159,Paul L Patterson Elementary School
2239,Hillsboro SD 1J,4643,Quatama Elementary School
2239,Hillsboro SD 1J,1196,R A Brown Middle School
2239,Hillsboro SD 1J,1149,Reedville Elementary School
2239,Hillsboro SD 1J,4703,Rosedale Elementary School
2239,Hillsboro SD 1J,1198,South Meadows Middle School
2239,Hillsboro SD 1J,1302,Tobias Elementary School
2239,Hillsboro SD 1J,1119,W L Henry Elementary School
2239,Hillsboro SD 1J,1114,W Verne McKinney Elementary School
2239,Hillsboro SD 1J,1111,West Union Elementary School
2239,Hillsboro SD 1J,1151,Witch Hazel Elementary School
2024,Hood River County SD,3372,Cascade Locks School
2024,Hood River County SD,2024,Hood River County SD
2024,Hood River County SD,361,Hood River Middle School
2024,Hood River County SD,369,Hood River Valley High School
2024,Hood River County SD,362,May Street Elementary School
2024,Hood River County SD,363,Mid Valley Elementary School
2024,Hood River County SD,364,Parkdale Elementary School
2024,Hood River County SD,2300,The Next Door
2024,Hood River County SD,366,Westside Elementary School
2024,Hood River County SD,367,WyEast Middle School
1895,Huntington SD 16J,3351,Huntington School
2215,Imbler SD 11,1079,Imbler Charter School
2200,InterMountain ESD,4846,Lifeways Inc
3997,Ione SD R2,3363,Ione Community Charter School
2053,Jefferson County SD 509J,3458,Big Muddy Elementary
2053,Jefferson County SD 509J,5359,Bridges High School
2053,Jefferson County SD 509J,429,Buff Elementary School
2053,Jefferson County SD 509J,1773,Jefferson County Middle School
2053,Jefferson County SD 509J,430,Madras Elementary School
2053,Jefferson County SD 509J,434,Madras High School
2053,Jefferson County SD 509J,431,Metolius Elementary School
2053,Jefferson County SD 509J,432,Warm Springs K-8 Academy
2140,Jefferson SD 14J,721,Jefferson Elementary School
2140,Jefferson SD 14J,723,Jefferson High School
2140,Jefferson SD 14J,722,Jefferson Middle School
1934,Jewell SD 8,3352,Jewell School
2008,John Day SD 3,331,Grant Union Junior/Senior High School
2008,John Day SD 3,327,Humbolt Elementary School
2008,John Day SD 3,330,Seneca Elementary School
2107,Jordan Valley SD 3,691,Jordan Valley Elementary School
2107,Jordan Valley SD 3,712,Jordan Valley High School
2107,Jordan Valley SD 3,3132,Rockville Elementary School
2219,Joseph SD 6,1084,Imnaha Elementary School
2219,Joseph SD 6,1087,Joseph Charter School
2091,Junction City SD 69,4717,Bridgeway House
2091,Junction City SD 69,1792,Jasper Mountain Center
2091,Junction City SD 69,597,Junction City High School
2091,Junction City SD 69,595,Laurel Elementary School
2091,Junction City SD 69,3545,Looking Glass Center Point School
2091,Junction City SD 69,1532,Looking Glass Riverfront School & Career Center
2091,Junction City SD 69,596,Oaklea Middle School
2091,Junction City SD 69,1297,Territorial Elementary School
2091,Junction City SD 69,1545,Wellsprings Friends School
2109,Juntura SD 12,700,Juntura Elementary School
2057,Klamath County SD,467,Bonanza Elementary School
2057,Klamath County SD,482,Bonanza Junior/Senior High School
2057,Klamath County SD,480,Brixner Junior High School
2057,Klamath County SD,468,Chiloquin Elementary School
2057,Klamath County SD,483,Chiloquin High School
2057,Klamath County SD,4848,Falcon Heights
2057,Klamath County SD,470,Ferguson Elementary School
2057,Klamath County SD,471,Gearhart Elementary School
2057,Klamath County SD,472,Gilchrist Elementary School
2057,Klamath County SD,484,Gilchrist Junior/Senior High School
2057,Klamath County SD,473,Henley Elementary School
2057,Klamath County SD,485,Henley High School
2057,Klamath County SD,481,Henley Middle School
2057,Klamath County SD,474,Keno Elementary School
2057,Klamath County SD,2057,Klamath County SD
2057,Klamath County SD,486,Lost River High School
2057,Klamath County SD,475,Malin Elementary School
2057,Klamath County SD,488,Mazama High School
2057,Klamath County SD,476,Merrill Elementary School
2057,Klamath County SD,477,Peterson Elementary School
2057,Klamath County SD,4581,Sage Community School
2057,Klamath County SD,478,Shasta Elementary School
2057,Klamath County SD,479,Stearns Elementary School
2056,Klamath Falls City Schools,4545,EagleRidge High School
2056,Klamath Falls City Schools,459,Joseph Conger Elementary School
2056,Klamath Falls City Schools,2056,Klamath Falls City Schools
2056,Klamath Falls City Schools,5355,Klamath Learning Center
2056,Klamath Falls City Schools,487,Klamath Union High School
2056,Klamath Falls City Schools,1257,Klamath Youth Development Center
2056,Klamath Falls City Schools,461,Mills Elementary School
2056,Klamath Falls City Schools,462,Pelican Elementary School
2056,Klamath Falls City Schools,463,Ponderosa Middle School
2056,Klamath Falls City Schools,465,Roosevelt Elementary School
2262,Knappa SD 4,166,Hilda Lahti Elementary School
2262,Knappa SD 4,169,Knappa High School
2212,La Grande SD 1,1066,Central Elementary School
2212,La Grande SD 1,1068,Greenwood Elementary School
2212,La Grande SD 1,1069,Island City Elementary School
2212,La Grande SD 1,1073,La Grande High School
2212,La Grande SD 1,1072,La Grande Middle School
2212,La Grande SD 1,2212,La Grande SD 1
2212,La Grande SD 1,1067,Rising Stars Day Treatment
2059,Lake County SD 7,491,Daly Middle School
2059,Lake County SD 7,490,Fremont/Hay Elementary School
2059,Lake County SD 7,492,Lakeview Senior High School
2059,Lake County SD 7,489,Union Elementary School
1923,Lake Oswego SD 7J,53,Forest Hills Elementary School
1923,Lake Oswego SD 7J,54,Hallinan Elementary School
1923,Lake Oswego SD 7J,55,Lake Grove Elementary School
1923,Lake Oswego SD 7J,59,Lake Oswego Middle School
1923,Lake Oswego SD 7J,1923,Lake Oswego SD 7J
1923,Lake Oswego SD 7J,61,Lake Oswego Senior High School
1923,Lake Oswego SD 7J,62,Lakeridge High School
1923,Lake Oswego SD 7J,60,Lakeridge Middle School
1923,Lake Oswego SD 7J,1288,Oak Creek Elementary School
1923,Lake Oswego SD 7J,56,River Grove Elementary School
1923,Lake Oswego SD 7J,58,Westridge Elementary School
2064,Lane ESD,2064,Lane ESD
2064,Lane ESD,5299,Oregon State Hospital - Junction City Campus
2101,Lebanon Community SD 9,652,Cascades School
2101,Lebanon Community SD 9,653,Green Acres School
2101,Lebanon Community SD 9,658,Hamilton Creek School
2101,Lebanon Community SD 9,671,Lacomb School
2101,Lebanon Community SD 9,2101,Lebanon Community SD 9
2101,Lebanon Community SD 9,688,Lebanon High School
2101,Lebanon Community SD 9,3504,Pioneer School
2101,Lebanon Community SD 9,3503,Riverview School
2101,Lebanon Community SD 9,3505,Sand Ridge Charter School
2101,Lebanon Community SD 9,674,Seven Oak Middle School
2097,Lincoln County SD,623,Crestview Heights School
2097,Lincoln County SD,3361,Eddyville Charter School
2097,Lincoln County SD,3240,Lincoln City Career Technical High School
2097,Lincoln County SD,627,Newport High School
2097,Lincoln County SD,615,Newport Middle School
2097,Lincoln County SD,617,Oceanlake Elementary School
2097,Lincoln County SD,614,Olalla Center for Children & Families
2097,Lincoln County SD,625,Sam Case Elementary
2097,Lincoln County SD,4468,Siletz Valley Early College Academy
2097,Lincoln County SD,4038,Siletz Valley Schools
2097,Lincoln County SD,620,Taft Elementary School
2097,Lincoln County SD,628,Taft High School
2097,Lincoln County SD,621,Taft Middle School
2097,Lincoln County SD,611,Toledo Elementary School
2097,Lincoln County SD,622,Toledo Jr. High
2097,Lincoln County SD,629,Toledo Senior High School
2097,Lincoln County SD,630,Waldport High School
2097,Lincoln County SD,624,Waldport Middle School
2097,Lincoln County SD,618,Yaquina View Elementary
2098,Linn Benton Lincoln ESD,42,Childrens Farm Home
2098,Linn Benton Lincoln ESD,1271,Old Mill Center for Children & Families
2098,Linn Benton Lincoln ESD,5160,Wake Robin School
2012,Long Creek SD 17,3366,Long Creek School
2092,Lowell SD 71,5349,Bridge Charter Academy
2092,Lowell SD 71,599,Lowell Junior/Senior High School
2092,Lowell SD 71,2092,Lowell SD 71
2092,Lowell SD 71,598,Lundy Elementary School
2092,Lowell SD 71,5252,Mountain View Academy
2092,Lowell SD 71,1789,SAFE Center School
2112,Malheur County SD 51,2112,Malheur County SD 51
2085,Mapleton SD 32,568,Mapleton Elementary School
2085,Mapleton SD 32,569,Mapleton Jr/Sr High School
2094,Marcola SD 79J,603,Marcola Elementary School
2094,Marcola SD 79J,604,Mohawk High School
2094,Marcola SD 79J,5444,TEACH-NW
2090,McKenzie SD 68,593,McKenzie Elementary School
2090,McKenzie SD 68,594,McKenzie River Community School
2256,McMinnville SD 40,1228,Columbus Elementary School
2256,McMinnville SD 40,1315,Duniway Middle School
2256,McMinnville SD 40,2784,Grandhaven Elementary School
2256,McMinnville SD 40,1234,McMinnville High School
2256,McMinnville SD 40,1230,Memorial Elementary School
2256,McMinnville SD 40,1231,Newby Elementary School
2256,McMinnville SD 40,1233,Patton Middle School
2256,McMinnville SD 40,4639,Sue Buel Elementary
2256,McMinnville SD 40,1232,Wascher Elementary School
2048,Medford SD 549C,1350,Abraham Lincoln Elementary
2048,Medford SD 549C,3554,Central Medford High School
2048,Medford SD 549C,408,Griffin Creek Elementary School
2048,Medford SD 549C,421,Hedrick Middle School
2048,Medford SD 549C,409,Hoover Elementary School
2048,Medford SD 549C,410,Howard Elementary School
2048,Medford SD 549C,411,Jackson Elementary School
2048,Medford SD 549C,412,Jacksonville Elementary School
2048,Medford SD 549C,413,Jefferson Elementary School
2048,Medford SD 549C,416,Kennedy Elementary School
2048,Medford SD 549C,5205,Kids Unlimited Academy
2048,Medford SD 549C,4821,Logos Public Charter School
2048,Medford SD 549C,414,Lone Pine Elementary School
2048,Medford SD 549C,4593,Madrone Trail Public Charter School
2048,Medford SD 549C,422,McLoughlin Middle School
2048,Medford SD 549C,2048,Medford SD 549C
2048,Medford SD 549C,424,North Medford High School
2048,Medford SD 549C,415,Oak Grove Elementary School
2048,Medford SD 549C,417,Roosevelt Elementary School
2048,Medford SD 549C,418,Ruch Elementary School
2048,Medford SD 549C,423,South Medford High School
2048,Medford SD 549C,5304,The Valley School of Southern Oregon
2048,Medford SD 549C,419,Washington Elementary School
2048,Medford SD 549C,420,Wilson Elementary School
2205,Milton-Freewater Unified SD 7,1057,Central Middle School
2205,Milton-Freewater Unified SD 7,5297,Ferndale Elementary School
2205,Milton-Freewater Unified SD 7,5296,Freewater Elementary School
2205,Milton-Freewater Unified SD 7,5434,Gib Olinger Elementary School
2205,Milton-Freewater Unified SD 7,5295,Grove Elementary School
2205,Milton-Freewater Unified SD 7,1064,McLoughlin High School
2249,Mitchell SD 55,5440,Cascade Virtual Academy
2249,Mitchell SD 55,5441,Destinations Career Academy of Oregon
2249,Mitchell SD 55,5150,Insight School of Oregon Painted Hills
2249,Mitchell SD 55,3404,Mitchell School
1925,Molalla River SD 35,93,Clarkes Elementary School
1925,Molalla River SD 35,94,Molalla Elementary School
1925,Molalla River SD 35,142,Molalla High School
1925,Molalla River SD 35,4745,Molalla River Academy
1925,Molalla River SD 35,95,Molalla River Middle School
1925,Molalla River SD 35,1925,Molalla River SD 35
1925,Molalla River SD 35,121,Mulino Elementary School
1925,Molalla River SD 35,4818,Renaissance Public Academy
1925,Molalla River SD 35,128,Rural Dell Elementary School
1898,Monroe SD 1J,1321,Monroe Grade School
1898,Monroe SD 1J,43,Monroe High School
2010,Monument SD 8,3350,Monument School
2147,Morrow SD 1,813,A C Houghton Elementary School
2147,Morrow SD 1,815,Heppner Elementary School
2147,Morrow SD 1,818,Heppner Junior/Senior High School
2147,Morrow SD 1,4048,Irrigon Elementary School
2147,Morrow SD 1,817,Irrigon Junior/Senior High School
2147,Morrow SD 1,5433,Morrow Education Center
2147,Morrow SD 1,2147,Morrow SD 1
2147,Morrow SD 1,820,Riverside Junior/Senior High School
2147,Morrow SD 1,814,Sam Boardman Elementary School
2147,Morrow SD 1,4047,Windy River Elementary School
2145,Mt Angel SD 91,794,John F Kennedy High School
2145,Mt Angel SD 91,792,Mt Angel Middle School
2145,Mt Angel SD 91,793,St Marys Public School
2148,Multnomah ESD,4203,Doernbecher Childrens Hospital (educational program)
2148,Multnomah ESD,1298,Helensview High School
2148,Multnomah ESD,953,Kerr Youth Center/Wynne Watts School 
2148,Multnomah ESD,1800,Legacy 1
2148,Multnomah ESD,5450,Legacy 3
2148,Multnomah ESD,2148,Multnomah ESD
2148,Multnomah ESD,5399,Providence Medical Center
2148,Multnomah ESD,1806,Shriners Hospital (educational program) 
2148,Multnomah ESD,3168,The Creeks
1968,Myrtle Point SD 41,214,Myrtle Crest School
1968,Myrtle Point SD 41,215,Myrtle Point High School
2198,Neah-Kah-Nie SD 56,1020,Garibaldi Elementary School
2198,Neah-Kah-Nie SD 56,1022,Neah-Kah-Nie High School
2198,Neah-Kah-Nie SD 56,4481,Neah-Kah-Nie Middle School
2198,Neah-Kah-Nie SD 56,1021,Nehalem Elementary School
2199,Nestucca Valley SD 101J,1023,Nestucca High School
2199,Nestucca Valley SD 101J,1019,Nestucca Valley Elementary
2254,Newberg SD 29J,1335,Antonia Crater Elementary School
2254,Newberg SD 29J,1336,Chehalem Valley Middle School
2254,Newberg SD 29J,1216,Dundee Elementary School
2254,Newberg SD 29J,1217,Edwards Elementary School
2254,Newberg SD 29J,1218,Ewing Young Elementary School
2254,Newberg SD 29J,4342,Joan Austin Elementary School
2254,Newberg SD 29J,1219,Mabel Rush Elementary School
2254,Newberg SD 29J,1221,Mountain View Middle School
2254,Newberg SD 29J,1222,Newberg Senior High School
1966,North Bend SD 13,204,Hillcrest Elementary School
1966,North Bend SD 13,4603,Kairos - Coastline
1966,North Bend SD 13,205,North Bay Elementary School
1966,North Bend SD 13,208,North Bend Middle School
1966,North Bend SD 13,209,North Bend Senior High School
1966,North Bend SD 13,4690,Oregon Virtual Academy
1924,North Clackamas SD 12,3530,Alder Creek Middle School
1924,North Clackamas SD 12,4762,Ardenwald Elementary School
1924,North Clackamas SD 12,65,Bilquist Elementary School
1924,North Clackamas SD 12,4475,Cascade Heights Public Charter School
1924,North Clackamas SD 12,85,Clackamas High School
1924,North Clackamas SD 12,4226,Clackamas Middle College
1924,North Clackamas SD 12,4223,Clackamas Web Academy
1924,North Clackamas SD 12,4005,El Puente
1924,North Clackamas SD 12,4763,Happy Valley Elementary School
1924,North Clackamas SD 12,4715,Happy Valley Middle School
1924,North Clackamas SD 12,4764,Lewelling Elementary School
1924,North Clackamas SD 12,4765,Linwood Elementary School
1924,North Clackamas SD 12,4369,Milwaukie Academy of the Arts
1924,North Clackamas SD 12,73,Milwaukie Elementary School
1924,North Clackamas SD 12,86,Milwaukie High School
1924,North Clackamas SD 12,1264,Mount Scott Elementary School
1924,North Clackamas SD 12,4004,New Urban High School
1924,North Clackamas SD 12,1924,North Clackamas SD 12
1924,North Clackamas SD 12,3342,Oak Grove Elementary
1924,North Clackamas SD 12,4766,Oregon Trail Elementary School
1924,North Clackamas SD 12,87,Putnam High School
1924,North Clackamas SD 12,76,Riverside Elementary School
1924,North Clackamas SD 12,4767,Rock Creek Middle School
1924,North Clackamas SD 12,84,Rowe Middle School
1924,North Clackamas SD 12,4713,Scouters Mountain Elementary
1924,North Clackamas SD 12,2733,Sojourner School
1924,North Clackamas SD 12,3198,Spring Mountain Elementary School
1924,North Clackamas SD 12,78,Sunnyside Elementary School
1924,North Clackamas SD 12,4714,Verne A Duncan Elementary School
1924,North Clackamas SD 12,79,View Acres Elementary School
1924,North Clackamas SD 12,72,Whitcomb Elementary School
1996,North Douglas SD 22,296,North Douglas Elementary School
1996,North Douglas SD 22,297,North Douglas High School
2061,North Lake SD 14,1289,North Lake School
2141,North Marion SD 15,726,North Marion High School
2141,North Marion SD 15,724,North Marion Intermediate School
2141,North Marion SD 15,725,North Marion Middle School
2141,North Marion SD 15,3146,North Marion Primary School
2214,North Powder SD 8J,3365,North Powder Charter School
2143,North Santiam SD 29J,656,Mari-Linn Elementary School
2143,North Santiam SD 29J,788,Stayton Elementary School
2143,North Santiam SD 29J,809,Stayton High School
2143,North Santiam SD 29J,789,Stayton Middle School
2143,North Santiam SD 29J,717,Sublimity Elementary School
4131,North Wasco County SD 21,1093,Chenowith Elementary School
4131,North Wasco County SD 21,1097,Colonel Wright Elementary School
4131,North Wasco County SD 21,1262,Crossroads
4131,North Wasco County SD 21,1098,Dry Hollow Elementary School
4131,North Wasco County SD 21,1095,Mosier Community School
4131,North Wasco County SD 21,4131,North Wasco County SD 21
4131,North Wasco County SD 21,1101,The Dalles High School
4131,North Wasco County SD 21,1100,The Dalles Middle School
4131,North Wasco County SD 21,5250,Wahtonka Community School
2230,Northwest Regional ESD,1167,Levi Anderson Learning Center
2230,Northwest Regional ESD,1284,Lifeworks Northwest
2230,Northwest Regional ESD,2230,Northwest Regional ESD
2110,Nyssa SD 26,702,Nyssa Elementary School
2110,Nyssa SD 26,704,Nyssa High School
2110,Nyssa SD 26,703,Nyssa Middle School
1990,Oakland SD 1,266,Lincoln Middle School
1990,Oakland SD 1,267,Oakland Elementary School
1990,Oakland SD 1,268,Oakland High School
2093,Oakridge SD 76,4717,Bridgeway House
2093,Oakridge SD 76,600,Oakridge Elementary School
2093,Oakridge SD 76,602,Oakridge High School
2093,Oakridge SD 76,601,Oakridge Junior High School
2093,Oakridge SD 76,1545,Wellsprings Friends School
3476,ODE JDEP District,2831,COIC Skills Lab
3476,ODE JDEP District,2848,Donald E Long School
3476,ODE JDEP District,2836,Jackson County Juvenile
3476,ODE JDEP District,2838,Josephine County JDC
3476,ODE JDEP District,2839,Klamath County Juvenile
3476,ODE JDEP District,2841,Lane County Dept of Youth
3476,ODE JDEP District,2842,Lincoln County Juvenile
3476,ODE JDEP District,2843,Linn County Juvenile Detention
3476,ODE JDEP District,2846,Mill Creek Academy
3476,ODE JDEP District,2832,Mt Nebo Alt Ed
3476,ODE JDEP District,3129,NORCOR Education Detention Center
3476,ODE JDEP District,2858,Yamhill County Juvenile
3477,ODE YCEP District,2258,Monroe School
3477,ODE YCEP District,2260,New Bridge High School
3477,ODE YCEP District,2387,Ocean Dunes High School
3477,ODE YCEP District,2386,RiverBend High School
3477,ODE YCEP District,2388,Riverside High School
3477,ODE YCEP District,4609,Three Lakes High School
3477,ODE YCEP District,4588,Trask River High School
3477,ODE YCEP District,1828,William P Lord High School
2108,Ontario SD 8C,694,Aiken Elementary School
2108,Ontario SD 8C,692,Alameda Elementary School
2108,Ontario SD 8C,693,Cairo Elementary School
2108,Ontario SD 8C,696,May Roberts Elementary School
2108,Ontario SD 8C,699,Ontario High School
2108,Ontario SD 8C,698,Ontario Middle School
2108,Ontario SD 8C,2108,Ontario SD 8C
2108,Ontario SD 8C,697,Pioneer Elementary School
1928,Oregon City SD 62,4585,Alliance Charter Academy
1928,Oregon City SD 62,105,Beavercreek Elementary School
1928,Oregon City SD 62,106,Candy Lane Elementary School
1928,Oregon City SD 62,4802,Clackamas Academy of Industrial Sciences
1928,Oregon City SD 62,109,Gaffney Lane Elementary School
1928,Oregon City SD 62,115,Gardiner Middle School
1928,Oregon City SD 62,107,Holcomb Elementary School
1928,Oregon City SD 62,110,Jennings Lodge Elementary School
1928,Oregon City SD 62,114,John McLoughlin Elementary School
1928,Oregon City SD 62,116,Ogden Middle School
1928,Oregon City SD 62,1928,Oregon City SD 62
1928,Oregon City SD 62,118,Oregon City Senior High School
1928,Oregon City SD 62,2735,Oregon City Service Learning Academy
1928,Oregon City SD 62,139,Redland Elementary School
1928,Oregon City SD 62,4480,Springwater Environmental Sciences School
2336,Oregon Department of Education,4850,Eagle Charter School
2336,Oregon Department of Education,4040,Four Rivers Community School
2336,Oregon Department of Education,1832,Oregon School for the Deaf
2336,Oregon Department of Education,4604,The Cottonwood School of Civics and Science
2336,Oregon Department of Education,4720,The Ivy School
1926,Oregon Trail SD 46,97,Boring Middle School
1926,Oregon Trail SD 46,102,Cedar Ridge Middle School
1926,Oregon Trail SD 46,101,Firwood Elementary School
1926,Oregon Trail SD 46,99,Kelso Elementary School
1926,Oregon Trail SD 46,96,Naas Elementary School
1926,Oregon Trail SD 46,4820,Oregon Trail  Academy
1926,Oregon Trail SD 46,1926,Oregon Trail SD 46
1926,Oregon Trail SD 46,100,Sandy Grade School
1926,Oregon Trail SD 46,141,Sandy High School
1926,Oregon Trail SD 46,88,Welches Elementary School
1926,Oregon Trail SD 46,2392,Welches Middle School
2060,Paisley SD 11,3360,Paisley School
2181,Parkrose SD 3,931,Parkrose High School
2181,Parkrose SD 3,930,Parkrose Middle School
2181,Parkrose SD 3,2181,Parkrose SD 3
2181,Parkrose SD 3,925,Prescott Elementary School
2181,Parkrose SD 3,926,Russell Elementary
2181,Parkrose SD 3,927,Sacramento Elementary School
2181,Parkrose SD 3,928,Shaver Elementary School
2207,Pendleton SD 16,4116,Hawthorne Middle/High School
2207,Pendleton SD 16,2270,Homestead Youth & Family Services
2207,Pendleton SD 16,1047,McKay Creek Elementary School
2207,Pendleton SD 16,4202,Nixyaawii Community School
2207,Pendleton SD 16,5287,Pendleton Early Learning Center
2207,Pendleton SD 16,1052,Pendleton High School
2207,Pendleton SD 16,2207,Pendleton SD 16
2207,Pendleton SD 16,1048,Sherwood Heights Elementary School
2207,Pendleton SD 16,1051,Sunridge Middle School
2207,Pendleton SD 16,1049,Washington Elementary School
2192,Perrydale SD 21,3378,Perrydale School
1900,Philomath SD 17J,18,Blodgett Elementary School
1900,Philomath SD 17J,3162,Clemens Primary School
1900,Philomath SD 17J,3440,Kings Valley Charter School
1900,Philomath SD 17J,20,Philomath Elementary School
1900,Philomath SD 17J,22,Philomath High School
1900,Philomath SD 17J,21,Philomath Middle School
2039,Phoenix-Talent SD 4,3247,Armadillo Technical Institute
2039,Phoenix-Talent SD 4,370,Orchard Hill Elementary School
2039,Phoenix-Talent SD 4,371,Phoenix Elementary School
2039,Phoenix-Talent SD 4,374,Phoenix High School
2039,Phoenix-Talent SD 4,2039,Phoenix-Talent SD 4
2039,Phoenix-Talent SD 4,372,Talent Elementary School
2039,Phoenix-Talent SD 4,373,Talent Middle School
2202,Pilot Rock SD 2,1027,Pilot Rock Elementary School
2202,Pilot Rock SD 2,1028,Pilot Rock High School
2016,Pine Creek SD 5,347,Pine Creek Elementary School
1897,Pine Eagle SD 61,15,Pine Eagle Charter School
2047,Pinehurst SD 94,407,Pinehurst Elementary School
2081,Pleasant Hill SD 1,500,Pleasant Hill Elementary School
2081,Pleasant Hill SD 1,502,Pleasant Hill High School
2062,Plush SD 18,497,Plush Elementary School
1973,Port Orford-Langlois SD 2CJ,228,Driftwood Elementary School
1973,Port Orford-Langlois SD 2CJ,229,Pacific High School
2180,Portland SD 1J,822,Abernethy Elementary School
2180,Portland SD 1J,823,Ainsworth Elementary School
2180,Portland SD 1J,824,Alameda Elementary School
2180,Portland SD 1J,4507,Alliance High School
2180,Portland SD 1J,826,Arleta Elementary School
2180,Portland SD 1J,827,Astor Elementary School
2180,Portland SD 1J,828,Atkinson Elementary School
2180,Portland SD 1J,830,Beach Elementary School
2180,Portland SD 1J,831,Beaumont Middle School
2180,Portland SD 1J,906,Benson Polytechnic High School
2180,Portland SD 1J,857,Beverly Cleary School 
2180,Portland SD 1J,833,Boise-Eliot Elementary School
2180,Portland SD 1J,907,Boys & Girls Aid Society/Johns Landing School
2180,Portland SD 1J,834,Bridger Elementary School
2180,Portland SD 1J,835,Bridlemile Elementary School
2180,Portland SD 1J,837,Buckman Elementary School
2180,Portland SD 1J,838,Capitol Hill Elementary School
2180,Portland SD 1J,841,Cesar Chavez K-8 School
2180,Portland SD 1J,839,Chapman Elementary School
2180,Portland SD 1J,840,Chief Joseph Elementary School
2180,Portland SD 1J,909,Cleveland High School
2180,Portland SD 1J,4640,Creative Science School
2180,Portland SD 1J,843,Creston Elementary School
2180,Portland SD 1J,1363,da Vinci Middle School
2180,Portland SD 1J,1628,De Paul Treatment Centers Inc
2180,Portland SD 1J,844,Duniway Elementary School
2180,Portland SD 1J,3991,Emerson School
2180,Portland SD 1J,847,Faubion Elementary School
2180,Portland SD 1J,2413,Forest Park Elementary School
2180,Portland SD 1J,911,Franklin High School
2180,Portland SD 1J,849,George Middle School
2180,Portland SD 1J,850,Glencoe Elementary School
2180,Portland SD 1J,912,Grant High School
2180,Portland SD 1J,852,Gray Middle School
2180,Portland SD 1J,854,Grout Elementary School
2180,Portland SD 1J,894,Harriet Tubman Middle School
2180,Portland SD 1J,842,Harrison Park School
2180,Portland SD 1J,855,Hayhurst Elementary School
2180,Portland SD 1J,858,Hosford Middle School
2180,Portland SD 1J,861,Irvington Elementary School
2180,Portland SD 1J,1277,Jackson Middle School
2180,Portland SD 1J,862,James John Elementary School
2180,Portland SD 1J,908,Janus Youth Programs
2180,Portland SD 1J,913,Jefferson High School
2180,Portland SD 1J,5218,Kairos PDX
2180,Portland SD 1J,864,Kelly Elementary School
2180,Portland SD 1J,1243,Lane Middle School
2180,Portland SD 1J,868,Laurelhurst Elementary School
2180,Portland SD 1J,5060,Le Monde French Immersion Public Charter School
2180,Portland SD 1J,869,Lee Elementary School
2180,Portland SD 1J,870,Lent Elementary School
2180,Portland SD 1J,871,Lewis Elementary School
2180,Portland SD 1J,914,Lincoln High School
2180,Portland SD 1J,872,Llewellyn Elementary School
2180,Portland SD 1J,915,Madison High School
2180,Portland SD 1J,873,Maplewood Elementary School
2180,Portland SD 1J,1278,Markham Elementary School
2180,Portland SD 1J,866,Martin Luther King Jr. School
2180,Portland SD 1J,875,Marysville Elementary School
2180,Portland SD 1J,916,Metropolitan Learning Center
2180,Portland SD 1J,1648,Morrison Center Counterpoint Program
2180,Portland SD 1J,2275,"Morrison Child & Family Services, Breakthrough"
2180,Portland SD 1J,1803,Mt Scott Park Center for Learning
2180,Portland SD 1J,877,Mt Tabor Middle School
2180,Portland SD 1J,4587,NAYA Early College Academy
2180,Portland SD 1J,1281,Nickerson Center ADTP
2180,Portland SD 1J,878,Ockley Green Middle School
2180,Portland SD 1J,3451,Opal School of the Portland Children's Museum
2180,Portland SD 1J,3021,Open School North
2180,Portland SD 1J,4522,Park Academy
2180,Portland SD 1J,880,Parry Center for Children
2180,Portland SD 1J,3584,Parry Center SCIP
2180,Portland SD 1J,879,Peninsula Elementary School
2180,Portland SD 1J,4400,Portland Arthur Academy Charter School
2180,Portland SD 1J,2506,Portland Community College
2180,Portland SD 1J,2180,Portland SD 1J
2180,Portland SD 1J,4534,Portland Village School
2180,Portland SD 1J,1885,Portland Youth Builders
2180,Portland SD 1J,883,Richmond Elementary School
2180,Portland SD 1J,1299,Rieke Elementary School
2180,Portland SD 1J,884,Rigler Elementary School
2180,Portland SD 1J,918,Roosevelt High School
2180,Portland SD 1J,829,Rosa Parks Elementary School
2180,Portland SD 1J,5427,Rose City Park
2180,Portland SD 1J,1669,Rosemary Anderson High School
2180,Portland SD 1J,885,Roseway Heights School
2180,Portland SD 1J,886,Sabin Elementary School
2180,Portland SD 1J,5305,SAGE Youth Residential Program
2180,Portland SD 1J,887,Scott Elementary School
2180,Portland SD 1J,4477,SE Works Youth Center
2180,Portland SD 1J,888,Sellwood Middle School
2180,Portland SD 1J,1671,Serendipity
2180,Portland SD 1J,889,Sitton Elementary School
2180,Portland SD 1J,890,Skyline Elementary School
2180,Portland SD 1J,892,Stephenson Elementary School
2180,Portland SD 1J,893,Sunnyside Environmental School
2180,Portland SD 1J,3616,Trillium 
2180,Portland SD 1J,895,Vernon Elementary School
2180,Portland SD 1J,896,Vestal Elementary School
2180,Portland SD 1J,4826,Victory Academy
2180,Portland SD 1J,898,West Sylvan Middle School
2180,Portland SD 1J,921,White Shield Home
2180,Portland SD 1J,900,Whitman Elementary School
2180,Portland SD 1J,4405,Wildflowers
2180,Portland SD 1J,922,Wilson High School
2180,Portland SD 1J,1364,Winterhaven School
2180,Portland SD 1J,902,Woodlawn Elementary School
2180,Portland SD 1J,903,Woodmere Elementary School
2180,Portland SD 1J,904,Woodstock Elementary School
2180,Portland SD 1J,1835,Youth Progress Learning Center
1967,Powers SD 31,210,Powers Elementary School
1967,Powers SD 31,211,Powers High School
2009,Prairie City SD 4,3349,Prairie City School
2045,Prospect SD 59,3356,Prospect Charter School
1946,Rainier SD 13,171,Hudson Park Elementary School
1946,Rainier SD 13,4234,North Columbia Academy
1946,Rainier SD 13,174,Rainier Jr/Sr High School
1977,Redmond SD 2J,1326,Elton Gregory Middle School
1977,Redmond SD 2J,258,John Tuck Elementary School
1977,Redmond SD 2J,259,M A Lynch Elementary School
1977,Redmond SD 2J,262,Obsidian Middle School
1977,Redmond SD 2J,1841,Redmond COIC Dropout Re-engagement Program
1977,Redmond SD 2J,5340,Redmond Early Learning Center at Hugh Hartman
1977,Redmond SD 2J,263,Redmond High School
1977,Redmond SD 2J,4729,Redmond Proficiency Academy
1977,Redmond SD 2J,1977,Redmond SD 2J
1977,Redmond SD 2J,5058,Ridgeview High School
1977,Redmond SD 2J,256,Sage Elementary School
1977,Redmond SD 2J,260,Terrebonne Community School
1977,Redmond SD 2J,4429,Tom McCall Elementary School
1977,Redmond SD 2J,261,Tumalo Community School
1977,Redmond SD 2J,1325,Vern Patrick Elementary School
2001,Reedsport SD 105,309,Highland Elementary School
2001,Reedsport SD 105,310,Reedsport Community Charter School
2182,Reynolds SD 7,943,Alder Elementary School
2182,Reynolds SD 7,949,Davis Elementary School
2182,Reynolds SD 7,945,Fairview Elementary School
2182,Reynolds SD 7,946,Glenfair Elementary School
2182,Reynolds SD 7,947,Hartley Elementary School
2182,Reynolds SD 7,954,Hauton B Lee Middle School
2182,Reynolds SD 7,948,Margaret Scott Elementary School
2182,Reynolds SD 7,3490,Multnomah Learning Academy
2182,Reynolds SD 7,4216,Reynolds Arthur Academy
2182,Reynolds SD 7,957,Reynolds High School
2182,Reynolds SD 7,1343,Reynolds Learning Academy
2182,Reynolds SD 7,1254,Reynolds Middle School
2182,Reynolds SD 7,2182,Reynolds SD 7
2182,Reynolds SD 7,4822,Rockwood Preparatory Academy
2182,Reynolds SD 7,3989,Salish Ponds Elementary School
2182,Reynolds SD 7,950,Sweetbriar Elementary School
2182,Reynolds SD 7,951,Troutdale Elementary School
2182,Reynolds SD 7,2263,Walt Morey Middle School
2182,Reynolds SD 7,952,Wilkes Elementary School
2182,Reynolds SD 7,1365,Woodland Elementary
1999,Riddle SD 70,304,Riddle Elementary School
1999,Riddle SD 70,305,Riddle High School
2188,Riverdale SD 51J,985,Riverdale Grade School
2188,Riverdale SD 51J,1345,Riverdale High School
2188,Riverdale SD 51J,2188,Riverdale SD 51J
2044,Rogue River SD 35,4856,Rivers Edge Academy Charter School
2044,Rogue River SD 35,399,Rogue River Elementary School
2044,Rogue River SD 35,401,Rogue River Junior/Senior High
2044,Rogue River SD 35,5443,South Valley Academy
2142,Salem-Keizer SD 24J,728,Auburn Elementary School
2142,Salem-Keizer SD 24J,5066,Battle Creek Elementary School
2142,Salem-Keizer SD 24J,731,Brush College Elementary School
2142,Salem-Keizer SD 24J,732,Bush Elementary School
2142,Salem-Keizer SD 24J,733,Candalaria Elementary School
2142,Salem-Keizer SD 24J,5064,Cesar E Chavez Elem 
2142,Salem-Keizer SD 24J,1244,Chapman Hill Elementary School
2142,Salem-Keizer SD 24J,3373,Claggett Creek Middle School
2142,Salem-Keizer SD 24J,734,Clear Lake Elementary School
2142,Salem-Keizer SD 24J,1329,Crossler Middle School
2142,Salem-Keizer SD 24J,735,Cummings Elementary School
2142,Salem-Keizer SD 24J,4589,Early College High School
2142,Salem-Keizer SD 24J,736,Englewood Elementary School
2142,Salem-Keizer SD 24J,751,Eyre Elementary School
2142,Salem-Keizer SD 24J,3529,Forest Ridge Elementary School
2142,Salem-Keizer SD 24J,738,Four Corners Elementary School
2142,Salem-Keizer SD 24J,740,Grant Community School
2142,Salem-Keizer SD 24J,745,Gubser Elementary School
2142,Salem-Keizer SD 24J,3377,Hallman Elementary School
2142,Salem-Keizer SD 24J,3376,Hammond Elementary School
2142,Salem-Keizer SD 24J,4068,Harritt Elementary School
2142,Salem-Keizer SD 24J,755,Hayesville Elementary School
2142,Salem-Keizer SD 24J,743,Highland Elementary School
2142,Salem-Keizer SD 24J,744,Hoover Elementary School
2142,Salem-Keizer SD 24J,1330,Houck Middle School
2142,Salem-Keizer SD 24J,1358,Howard Street Charter
2142,Salem-Keizer SD 24J,3582,In Program School
2142,Salem-Keizer SD 24J,4210,Jane Goodall Environmental Middle Charter School
2142,Salem-Keizer SD 24J,765,Judson Middle School
2142,Salem-Keizer SD 24J,4858,Kalapuya Elementary School
2142,Salem-Keizer SD 24J,747,Keizer Elementary School
2142,Salem-Keizer SD 24J,746,Kennedy Elementary School
2142,Salem-Keizer SD 24J,3375,Lamb Elementary School
2142,Salem-Keizer SD 24J,3526,Lee Elementary School
2142,Salem-Keizer SD 24J,766,Leslie Middle School
2142,Salem-Keizer SD 24J,749,Liberty Elementary School
2142,Salem-Keizer SD 24J,771,McKay High School
2142,Salem-Keizer SD 24J,750,McKinley Elementary School
2142,Salem-Keizer SD 24J,772,McNary High School
2142,Salem-Keizer SD 24J,3215,Miller Elementary School
2142,Salem-Keizer SD 24J,753,Morningside Elementary School
2142,Salem-Keizer SD 24J,754,Myers Elementary School
2142,Salem-Keizer SD 24J,773,North Salem High School
2142,Salem-Keizer SD 24J,3528,Optimum Learning Environment Charter School
2142,Salem-Keizer SD 24J,767,Parrish Middle School
2142,Salem-Keizer SD 24J,756,Pringle Elementary School
2142,Salem-Keizer SD 24J,757,Richmond Elementary School
2142,Salem-Keizer SD 24J,4596,Roberts High School
2142,Salem-Keizer SD 24J,759,Salem Heights Elementary School
2142,Salem-Keizer SD 24J,2142,Salem-Keizer SD 24J
2142,Salem-Keizer SD 24J,760,Schirle Elementary School
2142,Salem-Keizer SD 24J,741,Scott Elementary School
2142,Salem-Keizer SD 24J,775,South Salem High School
2142,Salem-Keizer SD 24J,774,Sprague High School
2142,Salem-Keizer SD 24J,1331,Stephens Middle School
2142,Salem-Keizer SD 24J,4859,Straub Middle School
2142,Salem-Keizer SD 24J,761,Sumpter Elementary School
2142,Salem-Keizer SD 24J,762,Swegle Elementary School
2142,Salem-Keizer SD 24J,4390,Valley Inquiry Charter School
2142,Salem-Keizer SD 24J,768,Waldo Middle School
2142,Salem-Keizer SD 24J,769,Walker Middle School
2142,Salem-Keizer SD 24J,763,Washington Elementary School
2142,Salem-Keizer SD 24J,3374,Weddle Elementary School
2142,Salem-Keizer SD 24J,3463,West Salem High School
2142,Salem-Keizer SD 24J,770,Whiteaker Middle School
2142,Salem-Keizer SD 24J,737,Wright Elementary School
2142,Salem-Keizer SD 24J,764,Yoshikai Elementary School
2104,Santiam Canyon SD 129J,4399,Oregon Connections Academy
2104,Santiam Canyon SD 129J,681,Santiam Elementary School
2104,Santiam Canyon SD 129J,683,Santiam Junior/Senior High School
1944,Scappoose SD 1J,158,Grant Watts Elementary School
1944,Scappoose SD 1J,5300,Oregon Outreach Inc - Scappoose SD
1944,Scappoose SD 1J,159,Otto Petersen Elementary School
1944,Scappoose SD 1J,958,Sauvie Island School
1944,Scappoose SD 1J,162,Scappoose High School
1944,Scappoose SD 1J,161,Scappoose Middle School
1944,Scappoose SD 1J,1944,Scappoose SD 1J
1944,Scappoose SD 1J,4221,South Columbia Family School
1944,Scappoose SD 1J,160,Warren Elementary School
2103,Scio SD 95,676,Centennial Elementary School
2103,Scio SD 95,2994,Lourdes School
2103,Scio SD 95,5061,Oregon Virtual Education
2103,Scio SD 95,678,Scio High School
2103,Scio SD 95,677,Scio Middle School
1935,Seaside SD 10,150,Broadway Middle School
1935,Seaside SD 10,153,Gearhart Elementary School
1935,Seaside SD 10,152,Seaside Heights Elementary School
1935,Seaside SD 10,154,Seaside High School
1935,Seaside SD 10,1935,Seaside SD 10
1935,Seaside SD 10,5385,The Cannon Beach Academy
2257,Sheridan SD 48J,1235,Faulconer-Chapman School
2257,Sheridan SD 48J,4833,Sheridan AllPrep Academy
2257,Sheridan SD 48J,1237,Sheridan High School
2257,Sheridan SD 48J,2728,Sheridan Japanese School
2195,Sherman County SD,1010,Sherman County School
2244,Sherwood SD 88J,1334,Archer Glen Elementary School
2244,Sherwood SD 88J,4730,Edy Ridge Elementary School
2244,Sherwood SD 88J,1191,J Clyde Hopkins Elementary School
2244,Sherwood SD 88J,4731,Laurel Ridge Middle School
2244,Sherwood SD 88J,3222,Middleton Elementary School
2244,Sherwood SD 88J,4220,Sherwood Charter School
2244,Sherwood SD 88J,1193,Sherwood High School
2244,Sherwood SD 88J,1192,Sherwood Middle School
2244,Sherwood SD 88J,2244,Sherwood SD 88J
2138,Silver Falls SD 4J,784,Bethany Charter School
2138,Silver Falls SD 4J,119,Butte Creek Elementary School
2138,Silver Falls SD 4J,807,Central Howell Elementary School
2138,Silver Falls SD 4J,718,Evergreen Elementary School
2138,Silver Falls SD 4J,714,Mark Twain Elementary
2138,Silver Falls SD 4J,780,Pratum Elementary School
2138,Silver Falls SD 4J,716,Robert Frost Elementary School
2138,Silver Falls SD 4J,785,Scotts Mills Elementary School
2138,Silver Falls SD 4J,795,Silver Crest Elementary School
2138,Silver Falls SD 4J,2138,Silver Falls SD 4J
2138,Silver Falls SD 4J,812,Silverton High School
2138,Silver Falls SD 4J,715,Silverton Middle School
2138,Silver Falls SD 4J,4746,The Community Roots School
2138,Silver Falls SD 4J,777,Victor Point Elementary School
1978,Sisters SD 6,264,Sisters Elementary School
1978,Sisters SD 6,1294,Sisters High School
1978,Sisters SD 6,1293,Sisters Middle School
2096,Siuslaw SD 97J,609,Siuslaw Elementary School
2096,Siuslaw SD 97J,610,Siuslaw High School
2096,Siuslaw SD 97J,608,Siuslaw Middle School
2022,South Harney SD 33,357,Fields Elementary School
2087,South Lane SD 45J3,4555,Academy for Character Education
2087,South Lane SD 45J3,1791,Al Kennedy High School
2087,South Lane SD 45J3,573,Bohemia Elementary School
2087,South Lane SD 45J3,4717,Bridgeway House
2087,South Lane SD 45J3,2418,Childs Way Alternative School
2087,South Lane SD 45J3,4395,Childs Way Charter School
2087,South Lane SD 45J3,580,Cottage Grove High School
2087,South Lane SD 45J3,574,Dorena School
2087,South Lane SD 45J3,576,Harrison Elementary School
2087,South Lane SD 45J3,1792,Jasper Mountain Center
2087,South Lane SD 45J3,577,Latham Elementary School
2087,South Lane SD 45J3,579,Lincoln Middle School
2087,South Lane SD 45J3,578,London School
2087,South Lane SD 45J3,1532,Looking Glass Riverfront School & Career Center
2087,South Lane SD 45J3,1789,SAFE Center School
2087,South Lane SD 45J3,2087,South Lane SD 45J3
1994,South Umpqua SD 19,289,Canyonville School
1994,South Umpqua SD 19,291,Coffenberry Middle School
1994,South Umpqua SD 19,290,Myrtle Creek Elementary School
1994,South Umpqua SD 19,293,South Umpqua High School
1994,South Umpqua SD 19,292,Tri City Elementary School
2225,South Wasco County SD 1,1108,Maupin Elementary School
2225,South Wasco County SD 1,1109,South Wasco County High School
2025,Southern Oregon ESD,2434,Family Solutions - Ashland
2025,Southern Oregon ESD,1275,Family Solutions - Grants Pass
2025,Southern Oregon ESD,3653,Family Solutions - Medford
2025,Southern Oregon ESD,1782,Kairos - New Beginnings
2025,Southern Oregon ESD,3150,Kairos-Three Bridges
2025,Southern Oregon ESD,2025,Southern Oregon ESD
2247,Spray SD 1,3403,Spray School
2083,Springfield SD 19,4440,Academy of Arts and Academics
2083,Springfield SD 19,1353,Agnes Stewart Middle School
2083,Springfield SD 19,4717,Bridgeway House
2083,Springfield SD 19,542,Briggs Middle School
2083,Springfield SD 19,544,Centennial Elementary School
2083,Springfield SD 19,545,Douglas Gardens Elementary School
2083,Springfield SD 19,546,Elizabeth Page Elementary School
2083,Springfield SD 19,1354,Gateways High School
2083,Springfield SD 19,548,Guy Lee Elementary School
2083,Springfield SD 19,549,Hamlin Middle School
2083,Springfield SD 19,1792,Jasper Mountain Center
2083,Springfield SD 19,3545,Looking Glass Center Point School
2083,Springfield SD 19,1532,Looking Glass Riverfront School & Career Center
2083,Springfield SD 19,550,Maple Elementary School
2083,Springfield SD 19,554,Mt Vernon Elementary School
2083,Springfield SD 19,553,Ridgeview Elementary School
2083,Springfield SD 19,1352,Riverbend Elementary School
2083,Springfield SD 19,1789,SAFE Center School
2083,Springfield SD 19,560,Springfield High School
2083,Springfield SD 19,2083,Springfield SD 19
2083,Springfield SD 19,1252,The Child Center
2083,Springfield SD 19,556,Thurston Elementary School
2083,Springfield SD 19,561,Thurston High School
2083,Springfield SD 19,557,Thurston Middle School
2083,Springfield SD 19,5059,Two Rivers Dos Rios Elementary 
2083,Springfield SD 19,558,Walterville Elementary School
2083,Springfield SD 19,1545,Wellsprings Friends School
2083,Springfield SD 19,4058,Willamette Leadership Academy
2083,Springfield SD 19,559,Yolanda Elementary School
1948,St Helens SD 502,179,Columbia City School
1948,St Helens SD 502,2716,Columbia County Education Campus
1948,St Helens SD 502,3569,Lewis & Clark Elementary School
1948,St Helens SD 502,182,McBride Elementary School
1948,St Helens SD 502,4602,St Helens Arthur Academy
1948,St Helens SD 502,185,St Helens High School
1948,St Helens SD 502,184,St Helens Middle School
1948,St Helens SD 502,1948,St Helens SD 502
2144,St Paul SD 45,778,St Paul Elementary School
2144,St Paul SD 45,779,St Paul High School
2209,Stanfield SD 61,1060,Stanfield Elementary School
2209,Stanfield SD 61,1061,Stanfield Secondary School
2018,Suntex SD 10,349,Suntex Elementary School
2003,Sutherlin SD 130,318,East Sutherlin Primary School
2003,Sutherlin SD 130,321,Sutherlin High School
2003,Sutherlin SD 130,319,Sutherlin Middle School
2003,Sutherlin SD 130,5357,Sutherlin Valley Online Academy
2003,Sutherlin SD 130,320,West Sutherlin Intermediate
2102,Sweet Home SD 55,662,Foster Elementary School
2102,Sweet Home SD 55,663,Hawthorne Elementary School
2102,Sweet Home SD 55,664,Holley Elementary School
2102,Sweet Home SD 55,666,Oak Heights Elementary School
2102,Sweet Home SD 55,4484,Sweet Home Charter School
2102,Sweet Home SD 55,669,Sweet Home High School
2102,Sweet Home SD 55,668,Sweet Home Junior High School
2055,Three Rivers/Josephine County SD,402,Applegate Elementary School
2055,Three Rivers/Josephine County SD,443,Evergreen Elementary School
2055,Three Rivers/Josephine County SD,444,Fleming Middle School
2055,Three Rivers/Josephine County SD,445,Fruitdale Elementary School
2055,Three Rivers/Josephine County SD,446,Ft Vannoy Elementary School
2055,Three Rivers/Josephine County SD,455,Hidden Valley High School
2055,Three Rivers/Josephine County SD,456,Illinois Valley High School
2055,Three Rivers/Josephine County SD,1782,Kairos - New Beginnings
2055,Three Rivers/Josephine County SD,3150,Kairos - Three Bridges
2055,Three Rivers/Josephine County SD,448,Lincoln Savage Middle School
2055,Three Rivers/Josephine County SD,449,Lorna Byrne Middle School
2055,Three Rivers/Josephine County SD,450,Madrona Elementary School
2055,Three Rivers/Josephine County SD,451,Manzanita Elementary School
2055,Three Rivers/Josephine County SD,457,North Valley High School
2055,Three Rivers/Josephine County SD,4823,Sunny Wolf Charter School
2055,Three Rivers/Josephine County SD,1877,"The Inn Between Educational Program, DBA Inn Sight"
2055,Three Rivers/Josephine County SD,2055,Three Rivers/Josephine County SD
2055,Three Rivers/Josephine County SD,453,Williams Elementary School
2055,Three Rivers/Josephine County SD,5063,Woodland Charter School
2242,Tigard-Tualatin SD 23J,4364,Alberta Rider Elementary School
2242,Tigard-Tualatin SD 23J,1135,Bridgeport Elementary School
2242,Tigard-Tualatin SD 23J,1136,Charles F Tigard Elementary School
2242,Tigard-Tualatin SD 23J,1369,Deer Creek Elementary School
2242,Tigard-Tualatin SD 23J,2714,Durham Center
2242,Tigard-Tualatin SD 23J,1138,Durham Elementary School
2242,Tigard-Tualatin SD 23J,1142,Edward Byrom Elementary School
2242,Tigard-Tualatin SD 23J,1300,Hazelbrook Middle School
2242,Tigard-Tualatin SD 23J,1139,James Templeton Elementary School
2242,Tigard-Tualatin SD 23J,2273,Janus Youth Programs--Cordero House
2242,Tigard-Tualatin SD 23J,1137,Mary Woodward Elementary School
2242,Tigard-Tualatin SD 23J,1140,Metzger Elementary School
2242,Tigard-Tualatin SD 23J,3579,Multi-sensory Instruction Teaching Children Hands-On (MITCH)
2242,Tigard-Tualatin SD 23J,1144,Thomas R Fowler Middle School
2242,Tigard-Tualatin SD 23J,1146,Tigard High School
2242,Tigard-Tualatin SD 23J,2242,Tigard-Tualatin SD 23J
2242,Tigard-Tualatin SD 23J,1143,Tualatin Elementary School
2242,Tigard-Tualatin SD 23J,1301,Tualatin High School
2242,Tigard-Tualatin SD 23J,1145,Twality Middle School
2197,Tillamook SD 9,1012,East Elementary School
2197,Tillamook SD 9,1013,Liberty Elementary School
2197,Tillamook SD 9,1014,South Prairie Elementary School
2197,Tillamook SD 9,1017,Tillamook High School
2197,Tillamook SD 9,1016,Tillamook Junior High School
2222,Troy SD 54,1092,Troy Elementary School
2210,Ukiah SD 80R,3432,Ukiah School
2204,Umatilla SD 6R,1031,Clara Brownell Middle School
2204,Umatilla SD 6R,1032,McNary Heights Elementary School
2204,Umatilla SD 6R,1033,Umatilla High School
2213,Union SD 5,1074,Union Elementary School
2213,Union SD 5,1075,Union High School
2116,Vale SD 84,701,Vale Elementary School
2116,Vale SD 84,713,Vale High School
2116,Vale SD 84,1357,Vale Middle School
2116,Vale SD 84,2116,Vale SD 84
2116,Vale SD 84,706,Willowcreek Elementary School
1947,Vernonia SD 47J,176,Mist Elementary School
1947,Vernonia SD 47J,177,Vernonia Elementary School
1947,Vernonia SD 47J,178,Vernonia High School
1947,Vernonia SD 47J,4396,Vernonia Middle School
2220,Wallowa SD 12,1088,Wallowa Elementary School
2220,Wallowa SD 12,1089,Wallowa High School
1936,Warrenton-Hammond SD 30,156,Warrenton Grade School
1936,Warrenton-Hammond SD 30,157,Warrenton High School
1922,West Linn-Wilsonville SD 3J,4773,Arts and Technology High School
1922,West Linn-Wilsonville SD 3J,1287,Athey Creek Middle School
1922,West Linn-Wilsonville SD 3J,1272,Boeckman Creek Primary School
1922,West Linn-Wilsonville SD 3J,3455,Bolton Primary School
1922,West Linn-Wilsonville SD 3J,3913,Boones Ferry Primary School
1922,West Linn-Wilsonville SD 3J,45,Cedaroak Park Primary School
1922,West Linn-Wilsonville SD 3J,46,Inza R Wood Middle School
1922,West Linn-Wilsonville SD 3J,5056,Lowrie Primary School
1922,West Linn-Wilsonville SD 3J,5377,Meridian Creek Middle School
1922,West Linn-Wilsonville SD 3J,2787,Rosemont Ridge Middle School
1922,West Linn-Wilsonville SD 3J,47,Stafford Primary School
1922,West Linn-Wilsonville SD 3J,48,Sunset Primary School
1922,West Linn-Wilsonville SD 3J,3452,Three Rivers Charter School
1922,West Linn-Wilsonville SD 3J,5057,Trillium Creek Primary School
1922,West Linn-Wilsonville SD 3J,51,West Linn High School
1922,West Linn-Wilsonville SD 3J,1922,West Linn-Wilsonville SD 3J
1922,West Linn-Wilsonville SD 3J,1286,Willamette Primary School
1922,West Linn-Wilsonville SD 3J,1323,Wilsonville High School
2117,Willamette ESD,2334,Oregon State Hospital Salem (educational program)
2117,Willamette ESD,2117,Willamette ESD
2255,Willamina SD 30J,1224,Willamina Elementary School
2255,Willamina SD 30J,1226,Willamina High School
2255,Willamina SD 30J,1225,Willamina Middle School 
2002,Winston-Dillard SD 116,3624,Brockway Elementary School
2002,Winston-Dillard SD 116,5201,Dillard Alternative High School
2002,Winston-Dillard SD 116,316,Douglas High School
2002,Winston-Dillard SD 116,313,Lookingglass Elementary School
2002,Winston-Dillard SD 116,311,McGovern Elementary School
2002,Winston-Dillard SD 116,315,Winston Middle School
2146,Woodburn SD 103,4540,Academy of International Studies (at Woodburn)
2146,Woodburn SD 103,1268,French Prairie Middle School
2146,Woodburn SD 103,1359,Heritage Elementary
2146,Woodburn SD 103,1267,Lincoln Elementary School
2146,Woodburn SD 103,796,Nellie Muir Elementary School
2146,Woodburn SD 103,1360,Valor Middle School
2146,Woodburn SD 103,797,Washington Elementary School
2146,Woodburn SD 103,4541,"Wellness, Business and Sports School"
2146,Woodburn SD 103,4542,"Woodburn Academy of Art, Science and Technology"
2146,Woodburn SD 103,4230,Woodburn Arthur Academy
2146,Woodburn SD 103,4543,Woodburn Arts and Communications Academy
2146,Woodburn SD 103,2146,Woodburn SD 103
2146,Woodburn SD 103,4544,Woodburn Success
2251,Yamhill Carlton SD 1,1213,Yamhill Carlton Elementary School
2251,Yamhill Carlton SD 1,1238,Yamhill Carlton High School
2251,Yamhill Carlton SD 1,4564,Yamhill Carlton Intermediate School
2251,Yamhill Carlton SD 1,2251,Yamhill Carlton SD 1
1997,Yoncalla SD 32,299,Yoncalla Elementary School
1997,Yoncalla SD 32,300,Yoncalla High School